Title,Media URL,Pinterest board,Description,Link,Publish date,Keywords
What size air conditioner do I need? Free BTU / AC Size Calculator,https://sizemyproject.com/assets/img/pins/btu-calculator.jpg,"Home Heating, Cooling & Insulation","Find the right air conditioner or mini-split size for a room in BTU per hour, using the ENERGY STAR sizing chart with adjustments for sun, people and kitchens. Free, no sign-up, with the math shown — from SizeMyProject.",https://sizemyproject.com/btu-calculator.html,2026-10-12T14:00:00Z,
How many bags of concrete do I need? Free Concrete Calculator,https://sizemyproject.com/assets/img/pins/concrete-calculator.jpg,Concrete Projects: DIY Calculators & Tips,"Work out how much concrete you need for a slab, footing, post hole, round pad or steps — in cubic yards, 40–80 lb bags and ready-mix, with the math shown. Free, no sign-up, with the math shown — from SizeMyProject.",https://sizemyproject.com/concrete-calculator.html,2026-10-12T17:00:00Z,
How many deck boards do I need? Free Deck Calculator,https://sizemyproject.com/assets/img/pins/deck-calculator.jpg,"Decks, Fences, Stairs & Roofing","Work out how many deck boards, joists and screws or hidden clips you need for a deck, for wood or composite decking in any board length. Free, no sign-up, with the math shown — from SizeMyProject.",https://sizemyproject.com/deck-calculator.html,2026-10-12T20:00:00Z,
How much gravel do I need? Free Gravel Calculator,https://sizemyproject.com/assets/img/pins/gravel-calculator.jpg,Landscaping & Garden DIY,"Find out how much gravel you need for a driveway, path or patio base in cubic yards, tons and bags. Choose crushed stone, pea gravel or river rock. Free, no sign-up, with the math shown — from SizeMyProject.",https://sizemyproject.com/gravel-calculator.html,2026-10-12T23:00:00Z,
How much paint do I need? Free Paint Calculator,https://sizemyproject.com/assets/img/pins/paint-calculator.jpg,"Painting, Flooring & Interior DIY","Work out how many gallons of paint and primer you need for a room's walls and ceiling, minus doors and windows, for any number of coats. Free, no sign-up, with the math shown — from SizeMyProject.",https://sizemyproject.com/paint-calculator.html,2026-10-13T14:00:00Z,
How many pavers do I need? Free Paver Calculator,https://sizemyproject.com/assets/img/pins/paver-calculator.jpg,"Patios, Pavers & Retaining Walls","Calculate how many pavers you need for a patio or walkway, plus the gravel base, bedding sand and edge restraint — for any paver size. Free, no sign-up, with the math shown — from SizeMyProject.",https://sizemyproject.com/paver-calculator.html,2026-10-13T17:00:00Z,
How do I calculate square footage? Free Square Footage Calculator,https://sizemyproject.com/assets/img/pins/square-footage-calculator.jpg,DIY Measuring & Material Estimates,"Square footage for rooms, floors, yards and lots. Combine rectangles, circles, triangles and trapezoids, subtract cut-outs, convert to sq yd, m² and acres. Free, no sign-up, with the math shown — from SizeMyProject.",https://sizemyproject.com/square-footage-calculator.html,2026-10-13T20:00:00Z,
How much attic insulation do I need? Free Insulation Calculator,https://sizemyproject.com/assets/img/pins/insulation-calculator.jpg,"Home Heating, Cooling & Insulation","Find the recommended attic R-value for your climate zone, how many inches of blown-in or batt insulation to add, and how many bags to buy. Free, no sign-up, with the math shown — from SizeMyProject.",https://sizemyproject.com/insulation-calculator.html,2026-10-13T23:00:00Z,
How many concrete blocks for my wall? Free Block & Brick Calculator,https://sizemyproject.com/assets/img/pins/block-calculator.jpg,Concrete Projects: DIY Calculators & Tips,"Calculate how many concrete blocks (CMU) or bricks you need for a wall and how many 80 lb bags of mortar mix to buy, with openings subtracted. Free, no sign-up, with the math shown — from SizeMyProject.",https://sizemyproject.com/block-calculator.html,2026-10-14T14:00:00Z,
How much fencing do I need? Free Fence Calculator,https://sizemyproject.com/assets/img/pins/fence-calculator.jpg,"Decks, Fences, Stairs & Roofing","Plan a wood fence: how many posts, rails and pickets to buy, what length posts you need, and how many bags of concrete to set them. Free, no sign-up, with the math shown — from SizeMyProject.",https://sizemyproject.com/fence-calculator.html,2026-10-14T17:00:00Z,
How much mulch do I need? Free Mulch Calculator,https://sizemyproject.com/assets/img/pins/mulch-calculator.jpg,Landscaping & Garden DIY,"Calculate how much mulch you need for beds and tree rings in cubic yards and 2 or 3 cu ft bags, with the depth university extension services recommend. Free, no sign-up, with the math shown — from SizeMyProject.",https://sizemyproject.com/mulch-calculator.html,2026-10-14T20:00:00Z,
How many sheets of drywall? Free Drywall Calculator,https://sizemyproject.com/assets/img/pins/drywall-calculator.jpg,"Painting, Flooring & Interior DIY","Calculate how many sheets of drywall you need for a room's walls and ceiling, plus screws, joint tape and joint compound, for 4×8, 4×10 or 4×12 sheets. Free, no sign-up, with the math shown — from SizeMyProject.",https://sizemyproject.com/drywall-calculator.html,2026-10-14T23:00:00Z,
How many retaining wall blocks? Free Retaining Wall Calculator,https://sizemyproject.com/assets/img/pins/retaining-wall-calculator.jpg,"Patios, Pavers & Retaining Walls","Work out how many retaining wall blocks and caps you need, how many courses to bury, and how much base gravel and drainage stone to order. Free, no sign-up, with the math shown — from SizeMyProject.",https://sizemyproject.com/retaining-wall-calculator.html,2026-10-15T14:00:00Z,
How many board feet of lumber? Free Board Foot Calculator,https://sizemyproject.com/assets/img/pins/board-foot-calculator.jpg,DIY Measuring & Material Estimates,"Calculate board feet for lumber and hardwood: several board sizes at once, thickness in inches or quarters (4/4, 8/4), and the cost per board foot. Free, no sign-up, with the math shown — from SizeMyProject.",https://sizemyproject.com/board-foot-calculator.html,2026-10-15T17:00:00Z,
How much rebar for a concrete slab? Free Rebar Calculator,https://sizemyproject.com/assets/img/pins/rebar-calculator.jpg,Concrete Projects: DIY Calculators & Tips,"Calculate the rebar grid for a concrete slab: number of bars each way, total length with lap splices, how many 20 ft sticks to buy, weight and ties. Free, no sign-up, with the math shown — from SizeMyProject.",https://sizemyproject.com/rebar-calculator.html,2026-10-15T20:00:00Z,
"How many stairs, and how long a stringer? Free Stair Calculator",https://sizemyproject.com/assets/img/pins/stair-calculator.jpg,"Decks, Fences, Stairs & Roofing","Lay out a straight stair: number of risers and treads, exact riser height, total run, stringer length and angle, checked against residential code limits. Free, no sign-up, with the math shown — from SizeMyProject.",https://sizemyproject.com/stair-calculator.html,2026-10-15T23:00:00Z,
How much topsoil do I need? Free Topsoil Calculator,https://sizemyproject.com/assets/img/pins/topsoil-calculator.jpg,Landscaping & Garden DIY,"Calculate how much topsoil, fill dirt or compost you need for a new lawn, garden or leveling job, in cubic yards, tons and bags. Free, no sign-up, with the math shown — from SizeMyProject.",https://sizemyproject.com/topsoil-calculator.html,2026-10-16T14:00:00Z,
How much flooring do I need? Free Flooring Calculator,https://sizemyproject.com/assets/img/pins/flooring-calculator.jpg,"Painting, Flooring & Interior DIY","Calculate how much laminate, vinyl plank, hardwood or engineered flooring you need in square feet and boxes, plus underlayment and baseboard trim. Free, no sign-up, with the math shown — from SizeMyProject.",https://sizemyproject.com/flooring-calculator.html,2026-10-16T17:00:00Z,
How many tons of asphalt for my driveway? Free Asphalt Calculator,https://sizemyproject.com/assets/img/pins/asphalt-calculator.jpg,"Patios, Pavers & Retaining Walls","Estimate how many tons of hot-mix asphalt you need for a driveway, path or parking pad from its size and compacted thickness, plus the gravel base. Free, no sign-up, with the math shown — from SizeMyProject.",https://sizemyproject.com/asphalt-calculator.html,2026-10-16T20:00:00Z,
How many bundles of shingles? Free Roofing Calculator,https://sizemyproject.com/assets/img/pins/roofing-calculator.jpg,"Decks, Fences, Stairs & Roofing","Calculate roof area from the footprint and pitch, then the squares, shingle bundles, ridge cap, underlayment and drip edge for a gable or hip roof. Free, no sign-up, with the math shown — from SizeMyProject.",https://sizemyproject.com/roofing-calculator.html,2026-10-16T23:00:00Z,
How much sand do I need? Free Sand Calculator,https://sizemyproject.com/assets/img/pins/sand-calculator.jpg,Landscaping & Garden DIY,"Work out how much sand you need for paver bedding, a sandbox or a pool base, in cubic yards, tons and 50 lb bags — with typical depths for each job. Free, no sign-up, with the math shown — from SizeMyProject.",https://sizemyproject.com/sand-calculator.html,2026-10-17T14:00:00Z,
How many tiles do I need? Free Tile Calculator,https://sizemyproject.com/assets/img/pins/tile-calculator.jpg,"Painting, Flooring & Interior DIY","Calculate how many floor or wall tiles you need for any tile size, including grout joints and extra for cuts, and how many boxes to buy. Free, no sign-up, with the math shown — from SizeMyProject.",https://sizemyproject.com/tile-calculator.html,2026-10-17T17:00:00Z,
How much sod do I need? Free Sod Calculator,https://sizemyproject.com/assets/img/pins/sod-calculator.jpg,Landscaping & Garden DIY,"Find out how much sod you need for a new lawn in square feet, pieces and pallets, with an allowance for cuts along beds, curves and edges. Free, no sign-up, with the math shown — from SizeMyProject.",https://sizemyproject.com/sod-calculator.html,2026-10-17T20:00:00Z,
How many rolls of wallpaper? Free Wallpaper Calculator,https://sizemyproject.com/assets/img/pins/wallpaper-calculator.jpg,"Painting, Flooring & Interior DIY","Work out how many rolls of wallpaper you need for a room or accent wall using the strip method, with pattern repeat and standard US and European roll sizes. Free, no sign-up, with the math shown — from SizeMyProject.",https://sizemyproject.com/wallpaper-calculator.html,2026-10-17T23:00:00Z,
How much soil to fill a raised bed? Free Raised Bed Soil Calculator,https://sizemyproject.com/assets/img/pins/raised-bed-soil-calculator.jpg,Landscaping & Garden DIY,"Work out how much soil you need to fill one or more raised garden beds, in cubic feet, cubic yards and bags, with a breakdown for your soil mix. Free, no sign-up, with the math shown — from SizeMyProject.",https://sizemyproject.com/raised-bed-soil-calculator.html,2026-10-18T14:00:00Z,
How to measure an irregular area,https://sizemyproject.com/assets/img/pins/guides-how-to-measure-irregular-areas.jpg,DIY Measuring & Material Estimates,"A simple, accurate method to measure curved beds, odd-shaped yards and L-shaped patios so you order the right amount of mulch, gravel, sod or pavers. Free, no sign-up, with the math shown — from SizeMyProject.",https://sizemyproject.com/guides/how-to-measure-irregular-areas.html,2026-10-18T17:00:00Z,
Bagged concrete vs. ready-mix: how to decide,https://sizemyproject.com/assets/img/pins/guides-bagged-concrete-vs-ready-mix.jpg,Concrete Projects: DIY Calculators & Tips,"When is bagged concrete cheaper than a ready-mix truck? A simple way to compare total cost, labor and risk for your slab, footings or posts. Free, no sign-up, with the math shown — from SizeMyProject.",https://sizemyproject.com/guides/bagged-concrete-vs-ready-mix.html,2026-10-18T20:00:00Z,
"Gravel driveway guide: layers, depth and how much to order",https://sizemyproject.com/assets/img/pins/guides-gravel-driveway-guide.jpg,Landscaping & Garden DIY,"How a gravel driveway is built in layers, how deep each layer should be, which stone to use, and how to work out the tons to order. Free, no sign-up, with the math shown — from SizeMyProject.",https://sizemyproject.com/guides/gravel-driveway-guide.html,2026-10-18T23:00:00Z,
Paver patio base: how deep to dig and what to order,https://sizemyproject.com/assets/img/pins/guides-paver-patio-base.jpg,"Patios, Pavers & Retaining Walls","How deep to excavate for a paver patio, how thick the gravel base and sand layer should be, how far to extend the base and how to slope it for drainage. Free, no sign-up, with the math shown — from SizeMyProject.",https://sizemyproject.com/guides/paver-patio-base.html,2026-10-19T14:00:00Z,
What size air conditioner do I need?,https://sizemyproject.com/assets/img/pins/guides-what-size-air-conditioner.jpg,"Home Heating, Cooling & Insulation","How to choose the right air conditioner size for a room: the ENERGY STAR BTU chart, adjustments for sun and kitchens, and why oversizing backfires. Free, no sign-up, with the math shown — from SizeMyProject.",https://sizemyproject.com/guides/what-size-air-conditioner.html,2026-10-19T17:00:00Z,
Roof pitch explained,https://sizemyproject.com/assets/img/pins/guides-roof-pitch-explained.jpg,"Decks, Fences, Stairs & Roofing","What roof pitch means (like 6/12), how to measure it safely, how to convert it to degrees, and how pitch changes the roof area and the shingles you buy. Free, no sign-up, with the math shown — from SizeMyProject.",https://sizemyproject.com/guides/roof-pitch-explained.html,2026-10-19T20:00:00Z,
How to measure a room for flooring,https://sizemyproject.com/assets/img/pins/guides-measure-room-for-flooring.jpg,"Painting, Flooring & Interior DIY","How to measure a room for laminate, vinyl plank, hardwood or tile: closets, doorways, odd shapes, layout direction, waste allowance and boxes to buy. Free, no sign-up, with the math shown — from SizeMyProject.",https://sizemyproject.com/guides/measure-room-for-flooring.html,2026-10-19T23:00:00Z,
Cubic yards to tons: how to convert landscape materials,https://sizemyproject.com/assets/img/pins/guides-cubic-yards-to-tons.jpg,DIY Measuring & Material Estimates,"How to convert cubic yards to tons (and back) for gravel, crushed stone, sand, topsoil, mulch and asphalt, with a conversion chart and worked examples. Free, no sign-up, with the math shown — from SizeMyProject.",https://sizemyproject.com/guides/cubic-yards-to-tons.html,2026-10-20T14:00:00Z,
How thick should a concrete slab be?,https://sizemyproject.com/assets/img/pins/guides-concrete-slab-thickness.jpg,Concrete Projects: DIY Calculators & Tips,"Recommended concrete thickness for patios, walkways, driveways, shed and hot tub pads, plus the base, reinforcement and control joints each one needs. Free, no sign-up, with the math shown — from SizeMyProject.",https://sizemyproject.com/guides/concrete-slab-thickness.html,2026-10-20T17:00:00Z,
7 mulching mistakes to avoid,https://sizemyproject.com/assets/img/pins/guides-mulching-mistakes.jpg,Landscaping & Garden DIY,"The most common mulching mistakes — volcano mulching, layers that are too deep, fabric under wood mulch — and how to buy the right amount for your beds. Free, no sign-up, with the math shown — from SizeMyProject.",https://sizemyproject.com/guides/mulching-mistakes.html,2026-10-20T20:00:00Z,
How to plan a block retaining wall,https://sizemyproject.com/assets/img/pins/guides-retaining-wall-planning.jpg,"Patios, Pavers & Retaining Walls","Plan a segmental block retaining wall: height limits and permits, layout, base trench, buried course, drainage stone, drain pipe, backfill and caps. Free, no sign-up, with the math shown — from SizeMyProject.",https://sizemyproject.com/guides/retaining-wall-planning.html,2026-10-20T23:00:00Z,
Blown-in vs. batt insulation for attics,https://sizemyproject.com/assets/img/pins/guides-blown-in-vs-batt-insulation.jpg,"Home Heating, Cooling & Insulation","Compare blown-in fiberglass, blown-in cellulose and fiberglass batts for the attic: R-value per inch, coverage, DIY difficulty and best uses. Free, no sign-up, with the math shown — from SizeMyProject.",https://sizemyproject.com/guides/blown-in-vs-batt-insulation.html,2026-10-21T14:00:00Z,
Stair dimensions and building code,https://sizemyproject.com/assets/img/pins/guides-stair-dimensions-code.jpg,"Decks, Fences, Stairs & Roofing","Residential stair dimensions under the International Residential Code: riser height, tread depth, nosing, width, headroom, handrails, guards and landings. Free, no sign-up, with the math shown — from SizeMyProject.",https://sizemyproject.com/guides/stair-dimensions-code.html,2026-10-21T17:00:00Z,
How many coats of paint do you need?,https://sizemyproject.com/assets/img/pins/guides-how-many-coats-of-paint.jpg,"Painting, Flooring & Interior DIY","When one coat of paint is enough, when you need two or three, and when primer saves paint — for new drywall, color changes, stains and gloss. Free, no sign-up, with the math shown — from SizeMyProject.",https://sizemyproject.com/guides/how-many-coats-of-paint.html,2026-10-21T20:00:00Z,
How to calculate cubic yards,https://sizemyproject.com/assets/img/pins/guides-how-to-calculate-cubic-yards.jpg,DIY Measuring & Material Estimates,"How to calculate cubic yards for concrete, gravel, mulch or soil: the formula, converting inches and feet, circles and odd shapes, with worked examples. Free, no sign-up, with the math shown — from SizeMyProject.",https://sizemyproject.com/guides/how-to-calculate-cubic-yards.html,2026-10-21T23:00:00Z,
How to mix bagged concrete,https://sizemyproject.com/assets/img/pins/guides-how-to-mix-bagged-concrete.jpg,Concrete Projects: DIY Calculators & Tips,"How much water to add to a bag of concrete, how many bags a mixer can handle, and how to mix, place and cure bagged concrete for a strong result. Free, no sign-up, with the math shown — from SizeMyProject.",https://sizemyproject.com/guides/how-to-mix-bagged-concrete.html,2026-10-22T14:00:00Z,
Types of gravel and what to use them for,https://sizemyproject.com/assets/img/pins/guides-gravel-types.jpg,Landscaping & Garden DIY,"A plain-English guide to common gravel and crushed stone types — #57, #411, crusher run, pea gravel, river rock, decomposed granite — and what each is best for. Free, no sign-up, with the math shown — from SizeMyProject.",https://sizemyproject.com/guides/gravel-types.html,2026-10-22T17:00:00Z,
Deck board spacing: how big a gap?,https://sizemyproject.com/assets/img/pins/guides-deck-board-spacing.jpg,"Decks, Fences, Stairs & Roofing","How much gap to leave between deck boards for pressure-treated, kiln-dried and composite decking, end gaps, joist spacing and why the gaps matter. Free, no sign-up, with the math shown — from SizeMyProject.",https://sizemyproject.com/guides/deck-board-spacing.html,2026-10-22T20:00:00Z,
How long does concrete take to cure?,https://sizemyproject.com/assets/img/pins/guides-how-long-does-concrete-take-to-cure.jpg,Concrete Projects: DIY Calculators & Tips,"When you can walk on new concrete, drive on it, remove forms and seal it — plus how to cure it properly and how weather changes the timeline. Free, no sign-up, with the math shown — from SizeMyProject.",https://sizemyproject.com/guides/how-long-does-concrete-take-to-cure.html,2026-10-22T23:00:00Z,
Topsoil vs. fill dirt vs. garden soil,https://sizemyproject.com/assets/img/pins/guides-topsoil-vs-fill-dirt.jpg,Landscaping & Garden DIY,"The difference between fill dirt, topsoil, garden soil and compost, what each is for, how deep to use them and how to avoid paying topsoil prices for fill. Free, no sign-up, with the math shown — from SizeMyProject.",https://sizemyproject.com/guides/topsoil-vs-fill-dirt.html,2026-10-23T14:00:00Z,
How to lay sod,https://sizemyproject.com/assets/img/pins/guides-how-to-lay-sod.jpg,Landscaping & Garden DIY,"Step-by-step guide to laying sod: measuring and ordering, preparing the soil, laying and staggering pieces, and watering until the new lawn roots. Free, no sign-up, with the math shown — from SizeMyProject.",https://sizemyproject.com/guides/how-to-lay-sod.html,2026-10-23T17:00:00Z,
